{
  "tension_threshold": 0.28885023292693535,
  "stability_target": 0.49554009317077485,
  "amount_fraction": 0.8066898602438339
}